-- phpMyAdmin SQL Dump
-- version 4.9.2
-- https://www.phpmyadmin.net/
--
-- Host: 127.0.0.1:3306
-- Generation Time: Jun 19, 2020 at 02:07 PM
-- Server version: 10.4.10-MariaDB
-- PHP Version: 7.3.12

SET SQL_MODE = "NO_AUTO_VALUE_ON_ZERO";
SET AUTOCOMMIT = 0;
START TRANSACTION;
SET time_zone = "+00:00";


/*!40101 SET @OLD_CHARACTER_SET_CLIENT=@@CHARACTER_SET_CLIENT */;
/*!40101 SET @OLD_CHARACTER_SET_RESULTS=@@CHARACTER_SET_RESULTS */;
/*!40101 SET @OLD_COLLATION_CONNECTION=@@COLLATION_CONNECTION */;
/*!40101 SET NAMES utf8mb4 */;

--
-- Database: `store`
--

-- --------------------------------------------------------

--
-- Table structure for table `items`
--

DROP TABLE IF EXISTS `items`;
CREATE TABLE IF NOT EXISTS `items` (
  `id` int(11) NOT NULL AUTO_INCREMENT,
  `name` varchar(255) NOT NULL,
  `price` int(11) NOT NULL,
  PRIMARY KEY (`id`)
) ENGINE=InnoDB AUTO_INCREMENT=13 DEFAULT CHARSET=latin1;

--
-- Dumping data for table `items`
--

INSERT INTO `items` (`id`, `name`, `price`) VALUES
(1, 'Cannon EOS', 36000),
(2, 'Sony DSLR', 40000),
(3, 'Sony DSLR', 50000),
(4, 'Olympus DSLR', 80000),
(5, 'Titan Model #301', 13000),
(6, 'Titan Model #201', 3000),
(7, 'HMT Milan', 8000),
(8, 'Favre Lueba #111', 18000),
(9, 'Raymond', 1500),
(10, 'Charles', 1000),
(11, 'HXR', 900),
(12, 'PINK', 1200);

-- --------------------------------------------------------

--
-- Table structure for table `users`
--

DROP TABLE IF EXISTS `users`;
CREATE TABLE IF NOT EXISTS `users` (
  `id` int(11) NOT NULL AUTO_INCREMENT,
  `name` varchar(255) NOT NULL,
  `email` varchar(255) NOT NULL,
  `password` varchar(255) NOT NULL,
  `contact` varchar(255) NOT NULL,
  `city` varchar(255) NOT NULL,
  `address` varchar(255) NOT NULL,
  PRIMARY KEY (`id`)
) ENGINE=InnoDB AUTO_INCREMENT=6 DEFAULT CHARSET=latin1;

--
-- Dumping data for table `users`
--

INSERT INTO `users` (`id`, `name`, `email`, `password`, `contact`, `city`, `address`) VALUES
(2, 'Ram', 'ram1234@xyz.com', '57f231b1ec41dc6641270cb09a56f897', '8899889989', 'Pune', '100 palace colony, Pune'),
(3, 'Shyam', 'shyam@xyz.com', '57f231b1ec41dc6641270cb09a56f897', '8899889990', 'Bangalore', '100 palace colony, Bangalore'),
(4, 'Gaurav', 'gaurav@gmail.com', '7a8aef184a3c6fe5763458eadb0c8356', '9599994080', 'Delhi', 'Delhi'),
(5, 'gauravjeet', 'gauravjeet@gmail.com', 'b904026616b6a3c2bb3f857bbb20aa2c', '9876543210', 'New Delhi', 'New Delhi');

-- --------------------------------------------------------

--
-- Table structure for table `users_items`
--

DROP TABLE IF EXISTS `users_items`;
CREATE TABLE IF NOT EXISTS `users_items` (
  `id` int(11) NOT NULL AUTO_INCREMENT,
  `user_id` int(11) NOT NULL,
  `item_id` int(11) NOT NULL,
  `status` enum('Added to cart','Confirmed') NOT NULL,
  PRIMARY KEY (`id`),
  KEY `user_id` (`user_id`,`item_id`),
  KEY `item_id` (`item_id`)
) ENGINE=InnoDB AUTO_INCREMENT=27 DEFAULT CHARSET=latin1;

--
-- Dumping data for table `users_items`
--

INSERT INTO `users_items` (`id`, `user_id`, `item_id`, `status`) VALUES
(7, 3, 3, 'Added to cart'),
(8, 3, 4, 'Added to cart'),
(9, 3, 5, 'Added to cart'),
(10, 3, 11, 'Added to cart'),
(24, 4, 3, 'Confirmed');

--
-- Constraints for dumped tables
--

--
-- Constraints for table `users_items`
--
ALTER TABLE `users_items`
  ADD CONSTRAINT `users_items_ibfk_1` FOREIGN KEY (`user_id`) REFERENCES `users` (`id`),
  ADD CONSTRAINT `users_items_ibfk_2` FOREIGN KEY (`item_id`) REFERENCES `items` (`id`);
COMMIT;

/*!40101 SET CHARACTER_SET_CLIENT=@OLD_CHARACTER_SET_CLIENT */;
/*!40101 SET CHARACTER_SET_RESULTS=@OLD_CHARACTER_SET_RESULTS */;
/*!40101 SET COLLATION_CONNECTION=@OLD_COLLATION_CONNECTION */;
